{"cameraMode":{"drawMode":0,"name":"Shaded","section":"Shading Mode"},"sceneLighting":true,"audioPlay":false,"sceneViewState":{"m_AlwaysRefresh":false,"showFog":true,"showSkybox":true,"showFlares":true,"showImageEffects":true,"showParticleSystems":true,"showVisualEffectGraphs":true,"m_FxEnabled":true},"in2DMode":false,"pivot":{"x":657.4992065429688,"y":205.28018188476563,"z":53.24761962890625},"rotation":{"x":-0.028795121237635614,"y":-0.026388466358184816,"z":0.0007599566015414894,"w":-0.9992397427558899},"size":664.01806640625,"orthographic":false}